Name,Age,City
Person_1,20,City_1
Person_2,21,City_2
Person_3,22,City_3
Person_4,23,City_4
Person_5,24,City_5
Person_6,25,City_6
Person_7,26,City_7
Person_8,27,City_8
Person_9,28,City_9
Person_10,29,City_10
Person_11,30,City_11
Person_12,31,City_12
Person_13,32,City_13
Person_14,33,City_14
Person_15,34,City_15
Person_16,35,City_16
Person_17,36,City_17
Person_18,37,City_18
Person_19,38,City_19
Person_20,39,City_20
Person_21,40,City_21
Person_22,41,City_22
Person_23,42,City_23
Person_24,43,City_24
Person_25,44,City_25
Person_26,45,City_26
Person_27,46,City_27
Person_28,47,City_28
Person_29,48,City_29
Person_30,49,City_30
